{"is_source_file": true, "format": "bash", "description": "This script automates detection and backup for various databases (SQLite, PostgreSQL, MySQL, MongoDB). It checks for each database type's presence and performs backups accordingly, with different connection methods and fallbacks.", "external_files": ["/usr/lib/postgresql/", "/usr/lib/postgresql/*/bin", "/var/run/mysqld/mysqld.sock"], "external_methods": ["pg_isready", "mysqladmin ping", "mysql", "mysqldump", "mongosh", "mongodump"], "published": [], "classes": [], "methods": [], "calls": ["ls", "echo", "cp", "sudo", "pg_isready", "pg_dump", "mysqladmin", "mysql", "mysqldump", "sudo mysql", "mongosh", "mongodump"], "search-terms": ["backup", "database_detection", "SQLite_backup", "PostgreSQL_backup", "MySQL_backup", "MongoDB_backup", "database_script", "connectivity_checks"], "state": 2, "file_id": 3, "knowledge_revision": 13, "git_revision": "67b48375b256f167eadab005af53f2b8d7bffd21", "hash": "7af9aa35fa4940f934d83f6e2621b732", "format-version": 4, "code-base-name": "database_service", "filename": "database_service/backup_db.sh", "revision_history": [{"13": "67b48375b256f167eadab005af53f2b8d7bffd21"}]}