{"is_source_file": false, "format": "", "description": "", "external_files": [], "external_methods": [], "published": [], "classes": [], "methods": [], "calls": [], "search-terms": [], "state": 2, "file_id": 5, "knowledge_revision": 9, "git_revision": "67b48375b256f167eadab005af53f2b8d7bffd21", "hash": "0c9f36dfd1a6dee9fa952c06ab7d9563", "format-version": 4, "code-base-name": "database_service", "filename": "database_service/db_visualizer/package.json", "revision_history": [{"9": "67b48375b256f167eadab005af53f2b8d7bffd21"}]}