{"is_source_file": true, "format": "bash", "description": "Shell script that automates the restoration of various types of databases (SQLite, PostgreSQL, MySQL, MongoDB) based on the presence of specific backup files. It detects the database type and attempts to restore accordingly.", "external_files": ["database_backup.db", "database_backup.sql", "database_backup.archive"], "external_methods": ["ls", "cp", "sudo -u postgres pg_isready", "psql", "mysqladmin ping", "mysql", "mongosh", "mongorestore"], "published": [], "classes": [], "methods": [], "calls": ["ls", "cp", "sudo -u postgres pg_isready", "psql", "mysqladmin ping", "mysql", "mongosh", "mongorestore"], "search-terms": ["restore_db.sh", "database_restore", "SQLite restore", "PostgreSQL restore", "MySQL restore", "MongoDB restore", "database backup detection", "database restoration script"], "state": 2, "file_id": 7, "knowledge_revision": 12, "git_revision": "67b48375b256f167eadab005af53f2b8d7bffd21", "hash": "67505395c0df4c9c001ab8f47571f3fb", "format-version": 4, "code-base-name": "database_service", "filename": "database_service/restore_db.sh", "revision_history": [{"12": "67b48375b256f167eadab005af53f2b8d7bffd21"}]}