{"is_source_file": true, "format": "HTML", "description": "HTML file for a web-based database visualizer UI, providing interfaces for selecting databases, viewing tables, and displaying data in a tabular format with interactive features.", "external_files": ["CSS styles embedded within <style> tags", "JavaScript functions embedded within <script> tags"], "external_methods": ["fetch"], "published": [], "classes": [], "methods": [{"name": "loadDatabases", "description": "Fetches the list of databases from the API and populates the sidebar."}, {"name": "refreshDatabases", "description": "Refreshes the list of databases by re-fetching data from the API."}, {"name": "toggleDatabase", "description": "Expands or collapses a database to show its tables."}, {"name": "loadTables", "description": "Fetches and displays tables for a selected database."}, {"name": "loadTableData", "description": "Fetches and renders data from a selected table."}, {"name": "renderTable", "description": "Generates HTML to display table data."}, {"name": "renderCell", "description": "Renders individual cell content, handling objects and long text."}, {"name": "expandCell", "description": "Expands or collapses cell content for better visibility."}], "calls": ["fetch('/api/databases')", "fetch(`/api/${db}/tables`)", "fetch(`/api/${db}/tables/${tableName}/data?limit=50`)"], "search-terms": ["Database Viewer UI", "HTML database interface", "interactive data table", "fetch API integration", "filter tables dynamically", "expandable table cells"], "state": 2, "file_id": 4, "knowledge_revision": 14, "git_revision": "67b48375b256f167eadab005af53f2b8d7bffd21", "hash": "ee63333a4841bf025439c755a74c9881", "format-version": 4, "code-base-name": "database_service", "filename": "database_service/db_visualizer/public/index.html", "revision_history": [{"14": "67b48375b256f167eadab005af53f2b8d7bffd21"}]}