{"is_source_file": false, "format": "", "description": "", "external_files": [], "external_methods": [], "published": [], "classes": [], "methods": [], "calls": [], "search-terms": [], "state": 2, "file_id": 8, "knowledge_revision": 17, "git_revision": "b7688fd40a3798eca6168060c49b0ce36843cad1", "hash": "bf306d7a473da6a2d1ff03a85dc1b5f3", "format-version": 4, "code-base-name": "database_service", "filename": "database_service/mongodb_schema.md", "revision_history": [{"17": "b7688fd40a3798eca6168060c49b0ce36843cad1"}]}