{"is_source_file": true, "format": "bash", "description": "A shell script to initialize and manage a MongoDB server, including setup of users, database creation, and startup procedures.", "external_files": ["db_connection.txt", "db_visualizer/mongodb.env"], "external_methods": ["mongosh", "pgrep", "lsof", "pkill"], "published": [], "classes": [], "methods": [], "calls": ["mongosh", "pgrep", "lsof", "pkill"], "search-terms": ["MongoDB startup", "bash script", "database setup", "MongoDB user creation", "MongoDB connection string", "mongosh"], "state": 2, "file_id": 2, "knowledge_revision": 11, "git_revision": "67b48375b256f167eadab005af53f2b8d7bffd21", "hash": "5c88115ecb130f24ae6bede778a1f58d", "format-version": 4, "code-base-name": "database_service", "filename": "database_service/startup.sh", "revision_history": [{"11": "67b48375b256f167eadab005af53f2b8d7bffd21"}]}